8397,啊
8398,爱
8399,矮
839A,挨
839B,哎
839C,碍
839D,唉
839E,哀
839F,蔼
83A0,埃
83A1,暧
83A2,按
83A3,安
83A4,暗
83A5,岸
83A6,俺
83A7,案
83A8,鞍
83A9,庵
83AA,昂
83AB,肮
83AC,盎
83AD,凹
83AE,傲
83AF,奥
83B0,懊
83B1,澳
83B2,鏖
83B3,把
83B4,八
83B5,吧
83B6,爸
83B7,拔
83B8,罢
83B9,跋
83BA,巴
83BB,霸
83BC,白
83BD,摆
83BE,败
83BF,拜
83C0,稗
83C1,半
83C2,办
83C3,班
83C4,般
83C5,拌
83C6,搬
83C7,版
83C8,斑
83C9,板
83CA,伴
83CB,扳
83CC,扮
83CD,瓣
83CE,颁
83CF,绊
83D0,坂
83D1,阪
83D2,帮
83D3,棒
83D4,绑
83D5,邦
83D6,榜
83D7,包
83D8,抱
83D9,报
83DA,饱
83DB,保
83DC,宝
83DD,爆
83DE,豹
83DF,褒
83E0,胞
83E1,鲍
83E2,龅
83E3,鸨
83E4,被
83E5,北
83E6,倍
83E7,杯
83E8,背
83E9,悲
83EA,备
83EB,碑
83EC,卑
83ED,贝
83EE,辈
83EF,狈
83F0,惫
83F1,呗
83F2,本
83F3,奔
83F4,笨
83F5,蹦
83F6,崩
83F7,比
83F8,笔
83F9,闭
83FA,鼻
83FB,碧
83FC,必
889E,避
889F,逼
88A0,毕
88A1,臂
88A2,彼
88A3,鄙
88A4,壁
88A5,币
88A6,蔽
88A7,敝
88A8,边
88A9,变
88AA,遍
88AB,编
88AC,辩
88AD,贬
88AE,鞭
88AF,卞
88B0,辨
88B1,辫
88B2,弁
88B3,表
88B4,标
88B5,杓
88B6,飙
88B7,飚
88B8,镖
88B9,别
88BA,憋
88BB,宾
88BC,濒
88BD,彬
88BE,斌
88BF,滨
88C0,并
88C1,病
88C2,兵
88C3,冰
88C4,饼
88C5,秉
88C6,柄
88C7,槟
88C8,禀
88C9,拨
88CA,波
88CB,播
88CC,博
88CD,伯
88CE,驳
88CF,玻
88D0,剥
88D1,薄
88D2,勃
88D3,钵
88D4,搏
88D5,脖
88D6,柏
88D7,舶
88D8,亳
88D9,啵
88DA,簸
88DB,钹
88DC,百
88DD,不
88DE,步
88DF,补
88E0,布
88E1,部
88E2,捕
88E3,卜
88E4,簿
88E5,怖
88E6,擦
88E7,才
88E8,菜
88E9,采
88EA,材
88EB,财
88EC,裁
88ED,猜
88EE,踩
88EF,彩
88F0,残
88F1,惨
88F2,惭
88F3,餐
88F4,仓
88F5,舱
88F6,苍
88F7,草
88F8,操
88F9,槽
88FA,糙
88FB,册
88FC,侧
8940,策
8941,测
8942,厕
8943,岑
8944,层
8945,蹭
8946,插
8947,叉
8948,茶
8949,岔
894A,察
894B,茬
894C,镲
894D,柴
894E,拆
894F,产
8950,缠
8951,铲
8952,唱
8953,常
8954,场
8955,尝
8956,肠
8957,畅
8958,昌
8959,倡
895A,偿
895B,菖
895C,娼
895D,超
895E,吵
895F,潮
8960,巢
8961,炒
8962,撤
8963,扯
8964,掣
8965,彻
8966,趁
8967,辰
8968,臣
8969,尘
896A,晨
896B,沉
896C,陈
896D,衬
896E,忱
896F,抻
8970,成
8971,撑
8972,称
8973,城
8974,程
8975,呈
8976,诚
8977,惩
8978,逞
8979,骋
897A,橙
897B,承
897C,噌
897D,瞠
897E,吃
8980,尺
8981,迟
8982,池
8983,翅
8984,痴
8985,赤
8986,齿
8987,耻
8988,持
8989,斥
898A,驰
898B,炽
898C,叱
898D,冲
898E,虫
898F,充
8990,宠
8991,崇
8992,铳
8993,抽
8994,愁
8995,丑
8996,绸
8997,酬
8998,筹
8999,踌
899A,出
899B,处
899C,初
899D,除
899E,触
899F,楚
89A0,础
89A1,储
89A2,躇
89A3,厨
89A4,雏
89A5,杵
89A6,怵
89A7,绌
89A8,穿
89A9,船
89AA,串
89AB,川
89AC,喘
89AD,钏
89AE,窗
89AF,床
89B0,闯
89B1,创
89B2,吹
89B3,垂
89B4,锤
89B5,捶
89B6,槌
89B7,春
89B8,纯
89B9,蠢
89BA,淳
89BB,戳
89BC,绰
89BD,次
89BE,此
89BF,词
89C0,瓷
89C1,慈
89C2,磁
89C3,辞
89C4,刺
89C5,茨
89C6,疵
89C7,赐
89C8,差
89C9,从
89CA,聪
89CB,凑
89CC,粗
89CD,促
89CE,蹴
89CF,催
89D0,脆
89D1,翠
89D2,崔
89D3,瘁
89D4,粹
89D5,萃
89D6,村
89D7,寸
89D8,存
89D9,错
89DA,挫
89DB,措
89DC,磋
89DD,嵯
89DE,答
89DF,达
89E0,打
89E1,搭
89E2,哒
89E3,带
89E4,代
89E5,呆
89E6,戴
89E7,待
89E8,袋
89E9,歹
89EA,贷
89EB,怠
89EC,大
89ED,殆
89EE,但
89EF,蛋
89F0,担
89F1,胆
89F2,淡
89F3,丹
89F4,耽
89F5,旦
89F6,诞
89F7,当
89F8,挡
89F9,档
89FA,荡
89FB,到
89FC,道
8A40,倒
8A41,刀
8A42,岛
8A43,盗
8A44,稻
8A45,捣
8A46,导
8A47,蹈
8A48,祷
8A49,德
8A4A,得
8A4B,等
8A4C,灯
8A4D,邓
8A4E,登
8A4F,澄
8A50,瞪
8A51,凳
8A52,蹬
8A53,地
8A54,第
8A55,底
8A56,低
8A57,敌
8A58,滴
8A59,帝
8A5A,递
8A5B,弟
8A5C,缔
8A5D,堤
8A5E,的
8A5F,涤
8A60,笛
8A61,迪
8A62,蒂
8A63,荻
8A64,镝
8A65,砥
8A66,点
8A67,电
8A68,店
8A69,殿
8A6A,颠
8A6B,垫
8A6C,奠
8A6D,典
8A6E,佃
8A6F,玷
8A70,巅
8A71,掉
8A72,钓
8A73,吊
8A74,雕
8A75,刁
8A76,鲷
8A77,爹
8A78,跌
8A79,叠
8A7A,碟
8A7B,蝶
8A7C,迭
8A7D,顶
8A7E,定
8A80,盯
8A81,订
8A82,丁
8A83,钉
8A84,鼎
8A85,町
8A86,丢
8A87,动
8A88,东
8A89,懂
8A8A,洞
8A8B,冻
8A8C,冬
8A8D,斗
8A8E,豆
8A8F,逗
8A90,抖
8A91,读
8A92,毒
8A93,渡
8A94,堵
8A95,独
8A96,肚
8A97,镀
8A98,赌
8A99,睹
8A9A,杜
8A9B,督
8A9C,都
8A9D,妒
8A9E,笃
8A9F,段
8AA0,短
8AA1,断
8AA2,端
8AA3,锻
8AA4,缎
8AA5,煅
8AA6,对
8AA7,队
8AA8,堆
8AA9,兑
8AAA,碓
8AAB,吨
8AAC,顿
8AAD,蹲
8AAE,敦
8AAF,钝
8AB0,盾
8AB1,盹
8AB2,多
8AB3,朵
8AB4,夺
8AB5,舵
8AB6,跺
8AB7,惰
8AB8,哆
8AB9,度
8ABA,躲
8ABB,饿
8ABC,额
8ABD,鹅
8ABE,扼
8ABF,俄
8AC0,阿
8AC1,遏
8AC2,峨
8AC3,厄
8AC4,鄂
8AC5,颚
8AC6,呃
8AC7,噩
8AC8,诶
8AC9,恩
8ACA,而
8ACB,二
8ACC,耳
8ACD,儿
8ACE,饵
8ACF,尔
8AD0,贰
8AD1,迩
8AD2,发
8AD3,法
8AD4,罚
8AD5,伐
8AD6,乏
8AD7,阀
8AD8,珐
8AD9,反
8ADA,饭
8ADB,翻
8ADC,犯
8ADD,凡
8ADE,帆
8ADF,返
8AE0,泛
8AE1,烦
8AE2,贩
8AE3,范
8AE4,藩
8AE5,幡
8AE6,放
8AE7,房
8AE8,防
8AE9,纺
8AEA,芳
8AEB,方
8AEC,访
8AED,仿
8AEE,坊
8AEF,妨
8AF0,肪
8AF1,非
8AF2,飞
8AF3,肥
8AF4,费
8AF5,肺
8AF6,废
8AF7,匪
8AF8,沸
8AF9,菲
8AFA,啡
8AFB,斐
8AFC,分
8B40,份
8B41,芬
8B42,粉
8B43,奋
8B44,愤
8B45,纷
8B46,氛
8B47,贲
8B48,风
8B49,封
8B4A,逢
8B4B,缝
8B4C,蜂
8B4D,丰
8B4E,枫
8B4F,疯
8B50,奉
8B51,凤
8B52,峰
8B53,锋
8B54,俸
8B55,副
8B56,幅
8B57,扶
8B58,浮
8B59,富
8B5A,福
8B5B,负
8B5C,伏
8B5D,付
8B5E,复
8B5F,服
8B60,附
8B61,斧
8B62,赴
8B63,缚
8B64,拂
8B65,夫
8B66,父
8B67,符
8B68,敷
8B69,赋
8B6A,辅
8B6B,府
8B6C,腹
8B6D,妇
8B6E,抚
8B6F,覆
8B70,肤
8B71,佛
8B72,俘
8B73,傅
8B74,弗
8B75,袱
8B76,甫
8B77,釜
8B78,腑
8B79,阜
8B7A,匐
8B7B,该
8B7C,改
8B7D,概
8B7E,干
8B80,感
8B81,敢
8B82,竿
8B83,甘
8B84,肝
8B85,柑
8B86,杆
8B87,绀
8B88,橄
8B89,刚
8B8A,钢
8B8B,港
8B8C,缸
8B8D,岗
8B8E,冈
8B8F,高
8B90,告
8B91,稿
8B92,糕
8B93,缟
8B94,藁
8B95,个
8B96,各
8B97,歌
8B98,割
8B99,哥
8B9A,搁
8B9B,格
8B9C,阁
8B9D,隔
8B9E,革
8B9F,葛
8BA0,戈
8BA1,鸽
8BA2,盖
8BA3,跟
8BA4,根
8BA5,亘
8BA6,更
8BA7,耕
8BA8,梗
8BA9,耿
8BAA,哽
8BAB,工
8BAC,公
8BAD,功
8BAE,共
8BAF,弓
8BB0,攻
8BB1,宫
8BB2,供
8BB3,恭
8BB4,贡
8BB5,躬
8BB6,巩
8BB7,够
8BB8,沟
8BB9,狗
8BBA,钩
8BBB,勾
8BBC,购
8BBD,构
8BBE,苟
8BBF,垢
8BC0,古
8BC1,股
8BC2,鼓
8BC3,谷
8BC4,故
8BC5,孤
8BC6,姑
8BC7,顾
8BC8,固
8BC9,雇
8BCA,估
8BCB,咕
8BCC,骨
8BCD,辜
8BCE,蛊
8BCF,挂
8BD0,刮
8BD1,瓜
8BD2,寡
8BD3,怪
8BD4,拐
8BD5,关
8BD6,管
8BD7,官
8BD8,观
8BD9,馆
8BDA,惯
8BDB,罐
8BDC,灌
8BDD,冠
8BDE,贯
8BDF,光
8BE0,广
8BE1,逛
8BE2,归
8BE3,贵
8BE4,鬼
8BE5,跪
8BE6,轨
8BE7,规
8BE8,桂
8BE9,瑰
8BEA,圭
8BEB,滚
8BEC,棍
8BED,过
8BEE,国
8BEF,果
8BF0,裹
8BF1,锅
8BF2,郭
8BF3,哈
8BF4,海
8BF5,害
8BF6,孩
8BF7,嗨
8BF8,喊
8BF9,含
8BFA,汗
8BFB,寒
8BFC,汉
8C40,旱
8C41,韩
8C42,涵
8C43,函
8C44,翰
8C45,罕
8C46,撼
8C47,憾
8C48,悍
8C49,瀚
8C4A,航
8C4B,好
8C4C,号
8C4D,浩
8C4E,郝
8C4F,毫
8C50,豪
8C51,耗
8C52,镐
8C53,喝
8C54,合
8C55,河
8C56,何
8C57,荷
8C58,贺
8C59,赫
8C5A,盒
8C5B,鹤
8C5C,嗬
8C5D,诃
8C5E,黑
8C5F,嘿
8C60,很
8C61,狠
8C62,恨
8C63,横
8C64,恒
8C65,哼
8C66,衡
8C67,亨
8C68,红
8C69,轰
8C6A,哄
8C6B,洪
8C6C,宏
8C6D,鸿
8C6E,弘
8C6F,讧
8C70,后
8C71,厚
8C72,吼
8C73,喉
8C74,候
8C75,湖
8C76,户
8C77,呼
8C78,虎
8C79,壶
8C7A,互
8C7B,胡
8C7C,护
8C7D,糊
8C7E,弧
8C80,忽
8C81,狐
8C82,蝴
8C83,乎
8C84,核
8C85,唬
8C86,囫
8C87,惚
8C88,话
8C89,花
8C8A,化
8C8B,画
8C8C,华
8C8D,划
8C8E,滑
8C8F,猾
8C90,桦
8C91,坏
8C92,怀
8C93,徊
8C94,换
8C95,还
8C96,唤
8C97,环
8C98,患
8C99,缓
8C9A,欢
8C9B,幻
8C9C,焕
8C9D,桓
8C9E,寰
8C9F,黄
8CA0,慌
8CA1,晃
8CA2,荒
8CA3,簧
8CA4,凰
8CA5,皇
8CA6,谎
8CA7,惶
8CA8,恍
8CA9,煌
8CAA,幌
8CAB,潢
8CAC,回
8CAD,灰
8CAE,绘
8CAF,挥
8CB0,汇
8CB1,辉
8CB2,毁
8CB3,悔
8CB4,惠
8CB5,晦
8CB6,徽
8CB7,恢
8CB8,秽
8CB9,慧
8CBA,讳
8CBB,彗
8CBC,麾
8CBD,诙
8CBE,荟
8CBF,桧
8CC0,混
8CC1,昏
8CC2,荤
8CC3,浑
8CC4,婚
8CC5,魂
8CC6,或
8CC7,活
8CC8,火
8CC9,伙
8CCA,货
8CCB,和
8CCC,获
8CCD,豁
8CCE,霍
8CCF,惑
8CD0,嚯
8CD1,几
8CD2,及
8CD3,急
8CD4,既
8CD5,即
8CD6,机
8CD7,鸡
8CD8,积
8CD9,记
8CDA,级
8CDB,极
8CDC,计
8CDD,挤
8CDE,己
8CDF,季
8CE0,寄
8CE1,纪
8CE2,基
8CE3,激
8CE4,吉
8CE5,脊
8CE6,际
8CE7,肌
8CE8,嫉
8CE9,姬
8CEA,绩
8CEB,饥
8CEC,迹
8CED,棘
8CEE,技
8CEF,冀
8CF0,辑
8CF1,祭
8CF2,剂
8CF3,济
8CF4,籍
8CF5,寂
8CF6,忌
8CF7,继
8CF8,集
8CF9,给
8CFA,击
8CFB,圾
8CFC,箕
8D40,讥
8D41,疾
8D42,戟
8D43,矶
8D44,跻
8D45,畿
8D46,羁
8D47,岌
8D48,家
8D49,加
8D4A,假
8D4B,价
8D4C,架
8D4D,甲
8D4E,佳
8D4F,夹
8D50,嘉
8D51,驾
8D52,颊
8D53,稼
8D54,贾
8D55,迦
8D56,岬
8D57,见
8D58,件
8D59,减
8D5A,尖
8D5B,间
8D5C,键
8D5D,肩
8D5E,兼
8D5F,建
8D60,检
8D61,箭
8D62,简
8D63,监
8D64,坚
8D65,奸
8D66,健
8D67,艰
8D68,荐
8D69,剑
8D6A,渐
8D6B,鉴
8D6C,践
8D6D,捡
8D6E,俭
8D6F,舰
8D70,缄
8D71,谏
8D72,腱
8D73,菅
8D74,将
8D75,讲
8D76,江
8D77,奖
8D78,浆
8D79,僵
8D7A,酱
8D7B,疆
8D7C,匠
8D7D,虹
8D7E,叫
8D80,交
8D81,教
8D82,较
8D83,缴
8D84,焦
8D85,胶
8D86,娇
8D87,搅
8D88,骄
8D89,狡
8D8A,浇
8D8B,矫
8D8C,蕉
8D8D,鲛
8D8E,接
8D8F,节
8D90,街
8D91,借
8D92,皆
8D93,截
8D94,界
8D95,结
8D96,届
8D97,姐
8D98,揭
8D99,戒
8D9A,介
8D9B,阶
8D9C,芥
8D9D,竭
8D9E,洁
8D9F,藉
8DA0,杰
8DA1,捷
8DA2,睫
8DA3,诘
8DA4,进
8DA5,近
8DA6,今
8DA7,仅
8DA8,紧
8DA9,金
8DAA,尽
8DAB,禁
8DAC,浸
8DAD,锦
8DAE,晋
8DAF,筋
8DB0,津
8DB1,谨
8DB2,巾
8DB3,襟
8DB4,竟
8DB5,静
8DB6,井
8DB7,惊
8DB8,经
8DB9,镜
8DBA,京
8DBB,净
8DBC,敬
8DBD,精
8DBE,景
8DBF,警
8DC0,竞
8DC1,境
8DC2,径
8DC3,晶
8DC4,鲸
8DC5,颈
8DC6,兢
8DC7,睛
8DC8,劲
8DC9,靖
8DCA,阱
8DCB,窘
8DCC,就
8DCD,九
8DCE,酒
8DCF,旧
8DD0,久
8DD1,揪
8DD2,救
8DD3,纠
8DD4,究
8DD5,韭
8DD6,臼
8DD7,玖
8DD8,咎
8DD9,疚
8DDA,鹫
8DDB,鸠
8DDC,句
8DDD,举
8DDE,巨
8DDF,局
8DE0,具
8DE1,距
8DE2,锯
8DE3,剧
8DE4,居
8DE5,聚
8DE6,拘
8DE7,菊
8DE8,矩
8DE9,沮
8DEA,拒
8DEB,惧
8DEC,鞠
8DED,狙
8DEE,驹
8DEF,据
8DF0,俱
8DF1,车
8DF2,裾
8DF3,橘
8DF4,卷
8DF5,倦
8DF6,捐
8DF7,决
8DF8,绝
8DF9,觉
8DFA,角
8DFB,爵
8DFC,掘
8E40,诀
8E41,抉
8E42,脚
8E43,蕨
8E44,军
8E45,君
8E46,均
8E47,菌
8E48,俊
8E49,峻
8E4A,骏
8E4B,钧
8E4C,郡
8E4D,喀
8E4E,咖
8E4F,开
8E50,凯
8E51,慨
8E52,看
8E53,砍
8E54,堪
8E55,刊
8E56,坎
8E57,勘
8E58,抗
8E59,扛
8E5A,糠
8E5B,康
8E5C,靠
8E5D,考
8E5E,烤
8E5F,尻
8E60,可
8E61,克
8E62,科
8E63,颗
8E64,刻
8E65,课
8E66,客
8E67,渴
8E68,苛
8E69,柯
8E6A,磕
8E6B,咳
8E6C,呵
8E6D,珂
8E6E,肯
8E6F,恳
8E70,坑
8E71,空
8E72,孔
8E73,控
8E74,恐
8E75,口
8E76,扣
8E77,抠
8E78,叩
8E79,哭
8E7A,库
8E7B,苦
8E7C,枯
8E7D,裤
8E7E,酷
8E80,堀
8E81,跨
8E82,垮
8E83,夸
8E84,快
8E85,块
8E86,会
8E87,宽
8E88,款
8E89,狂
8E8A,框
8E8B,况
8E8C,匡
8E8D,纩
8E8E,亏
8E8F,愧
8E90,奎
8E91,窥
8E92,溃
8E93,葵
8E94,魁
8E95,馈
8E96,盔
8E97,傀
8E98,篑
8E99,蝰
8E9A,捆
8E9B,困
8E9C,昆
8E9D,坤
8E9E,阔
8E9F,扩
8EA0,括
8EA1,廓
8EA2,拉
8EA3,啦
8EA4,腊
8EA5,垃
8EA6,来
8EA7,赖
8EA8,莱
8EA9,濑
8EAA,籁
8EAB,睐
8EAC,蓝
8EAD,兰
8EAE,拦
8EAF,篮
8EB0,懒
8EB1,栏
8EB2,揽
8EB3,滥
8EB4,婪
8EB5,澜
8EB6,览
8EB7,榄
8EB8,岚
8EB9,浪
8EBA,狼
8EBB,郎
8EBC,朗
8EBD,琅
8EBE,螂
8EBF,老
8EC0,牢
8EC1,劳
8EC2,类
8EC3,累
8EC4,泪
8EC5,雷
8EC6,垒
8EC7,勒
8EC8,擂
8EC9,蕾
8ECA,儡
8ECB,羸
8ECC,嘞
8ECD,冷
8ECE,里
8ECF,离
8ED0,力
8ED1,立
8ED2,李
8ED3,例
8ED4,哩
8ED5,理
8ED6,利
8ED7,梨
8ED8,厘
8ED9,礼
8EDA,历
8EDB,丽
8EDC,莉
8EDD,荔
8EDE,狸
8EDF,粒
8EE0,隶
8EE1,栗
8EE2,璃
8EE3,鲤
8EE4,厉
8EE5,励
8EE6,黎
8EE7,笠
8EE8,砺
8EE9,戾
8EEA,喱
8EEB,雳
8EEC,连
8EED,联
8EEE,练
8EEF,莲
8EF0,恋
8EF1,脸
8EF2,炼
8EF3,链
8EF4,怜
8EF5,廉
8EF6,镰
8EF7,两
8EF8,亮
8EF9,辆
8EFA,凉
8EFB,粮
8EFC,梁
8F40,量
8F41,良
8F42,谅
8F43,俩
8F44,椋
8F45,了
8F46,料
8F47,聊
8F48,撂
8F49,疗
8F4A,辽
8F4B,僚
8F4C,寥
8F4D,列
8F4E,裂
8F4F,猎
8F50,劣
8F51,烈
8F52,咧
8F53,鬣
8F54,冽
8F55,林
8F56,临
8F57,淋
8F58,邻
8F59,鳞
8F5A,赁
8F5B,吝
8F5C,琳
8F5D,凛
8F5E,躏
8F5F,另
8F60,令
8F61,领
8F62,零
8F63,铃
8F64,玲
8F65,灵
8F66,岭
8F67,龄
8F68,凌
8F69,菱
8F6A,棱
8F6B,绫
8F6C,聆
8F6D,流
8F6E,留
8F6F,刘
8F70,柳
8F71,溜
8F72,瘤
8F73,琉
8F74,浏
8F75,龙
8F76,拢
8F77,笼
8F78,聋
8F79,隆
8F7A,咙
8F7B,楼
8F7C,漏
8F7D,娄
8F7E,喽
8F80,路
8F81,露
8F82,录
8F83,鹿
8F84,陆
8F85,炉
8F86,卢
8F87,鲁
8F88,卤
8F89,芦
8F8A,碌
8F8B,禄
8F8C,六
8F8D,乱
8F8E,栾
8F8F,论
8F90,轮
8F91,伦
8F92,沦
8F93,仑
8F94,纶
8F95,囵
8F96,落
8F97,罗
8F98,锣
8F99,萝
8F9A,洛
8F9B,逻
8F9C,络
8F9D,咯
8F9E,绿
8F9F,铝
8FA0,旅
8FA1,屡
8FA2,吕
8FA3,律
8FA4,缕
8FA5,虑
8FA6,履
8FA7,略
8FA8,吗
8FA9,妈
8FAA,马
8FAB,嘛
8FAC,麻
8FAD,码
8FAE,玛
8FAF,买
8FB0,卖
8FB1,迈
8FB2,麦
8FB3,霾
8FB4,满
8FB5,慢
8FB6,瞒
8FB7,漫
8FB8,蛮
8FB9,曼
8FBA,埋
8FBB,忙
8FBC,芒
8FBD,盲
8FBE,莽
8FBF,茫
8FC0,毛
8FC1,冒
8FC2,帽
8FC3,猫
8FC4,貌
8FC5,茂
8FC6,贸
8FC7,茅
8FC8,昴
8FC9,么
8FCA,每
8FCB,煤
8FCC,美
8FCD,妹
8FCE,枚
8FCF,霉
8FD0,玫
8FD1,眉
8FD2,梅
8FD3,寐
8FD4,昧
8FD5,媒
8FD6,媚
8FD7,魅
8FD8,门
8FD9,们
8FDA,闷
8FDB,扪
8FDC,猛
8FDD,梦
8FDE,蒙
8FDF,盟
8FE0,萌
8FE1,蜢
8FE2,虻
8FE3,米
8FE4,密
8FE5,迷
8FE6,蜜
8FE7,谜
8FE8,秘
8FE9,弥
8FEA,靡
8FEB,弭
8FEC,面
8FED,棉
8FEE,免
8FEF,绵
8FF0,眠
8FF1,勉
8FF2,冕
8FF3,秒
8FF4,苗
8FF5,妙
8FF6,瞄
8FF7,灭
8FF8,蔑
8FF9,民
8FFA,敏
8FFB,名
8FFC,明
9040,命
9041,鸣
9042,铭
9043,冥
9044,谬
9045,摸
9046,磨
9047,抹
9048,末
9049,膜
904A,墨
904B,没
904C,莫
904D,默
904E,魔
904F,摩
9050,漠
9051,陌
9052,脉
9053,沫
9054,寞
9055,某
9056,谋
9057,缪
9058,木
9059,母
905A,幕
905B,目
905C,牧
905D,牟
905E,模
905F,穆
9060,暮
9061,牡
9062,募
9063,慕
9064,睦
9065,姆
9066,沐
9067,那
9068,拿
9069,纳
906A,呐
906B,捺
906C,乃
906D,耐
906E,奶
906F,奈
9070,难
9071,南
9072,男
9073,楠
9074,囊
9075,闹
9076,脑
9077,恼
9078,瑙
9079,哪
907A,内
907B,馁
907C,嫩
907D,能
907E,嗯
9080,你
9081,泥
9082,拟
9083,腻
9084,逆
9085,呢
9086,溺
9087,尼
9088,昵
9089,祢
908A,年
908B,念
908C,廿
908D,黏
908E,鲇
908F,娘
9090,酿
9091,鸟
9092,捏
9093,孽
9094,涅
9095,您
9096,凝
9097,宁
9098,牛
9099,扭
909A,纽
909B,钮
909C,拗
909D,弄
909E,浓
909F,农
90A0,侬
90A1,怒
90A2,努
90A3,奴
90A4,暖
90A5,挪
90A6,诺
90A7,懦
90A8,糯
90A9,娜
90AA,女
90AB,虐
90AC,哦
90AD,噢
90AE,偶
90AF,欧
90B0,怕
90B1,爬
90B2,啪
90B3,帕
90B4,琶
90B5,派
90B6,排
90B7,拍
90B8,牌
90B9,徘
90BA,湃
90BB,俳
90BC,盘
90BD,盼
90BE,判
90BF,攀
90C0,畔
90C1,潘
90C2,叛
90C3,番
90C4,拚
90C5,旁
90C6,胖
90C7,庞
90C8,彷
90C9,螃
90CA,跑
90CB,抛
90CC,炮
90CD,泡
90CE,袍
90CF,陪
90D0,配
90D1,赔
90D2,佩
90D3,培
90D4,沛
90D5,喷
90D6,碰
90D7,捧
90D8,棚
90D9,砰
90DA,蓬
90DB,朋
90DC,彭
90DD,鹏
90DE,澎
90DF,篷
90E0,批
90E1,皮
90E2,披
90E3,匹
90E4,屁
90E5,脾
90E6,疲
90E7,霹
90E8,琵
90E9,毗
90EA,啤
90EB,譬
90EC,否
90ED,癖
90EE,片
90EF,篇
90F0,骗
90F1,偏
90F2,便
90F3,扁
90F4,票
90F5,飘
90F6,漂
90F7,瓢
90F8,品
90F9,贫
90FA,聘
90FB,拼
90FC,频
9140,平
9141,凭
9142,瓶
9143,评
9144,屏
9145,苹
9146,坪
9147,冯
9148,破
9149,坡
914A,颇
914B,婆
914C,迫
914D,泊
914E,魄
914F,繁
9150,粕
9151,叵
9152,珀
9153,剖
9154,扑
9155,铺
9156,谱
9157,脯
9158,仆
9159,蒲
915A,葡
915B,朴
915C,曝
915D,浦
915E,堡
915F,普
9160,暴
9161,噗
9162,匍
9163,璞
9164,起
9165,其
9166,七
9167,气
9168,期
9169,齐
916A,器
916B,妻
916C,骑
916D,汽
916E,棋
916F,欺
9170,漆
9171,启
9172,戚
9173,岂
9174,弃
9175,泣
9176,祁
9177,凄
9178,企
9179,乞
917A,契
917B,歧
917C,祈
917D,栖
917E,崎
9180,稽
9181,缉
9182,旗
9183,岐
9184,琪
9185,琦
9186,耆
9187,恰
9188,卡
9189,洽
918A,前
918B,钱
918C,千
918D,牵
918E,浅
918F,签
9190,欠
9191,迁
9192,谦
9193,潜
9194,歉
9195,遣
9196,赶
9197,强
9198,枪
9199,墙
919A,抢
919B,腔
919C,呛
919D,蔷
919E,桥
919F,瞧
91A0,敲
91A1,巧
91A2,翘
91A3,壳
91A4,撬
91A5,悄
91A6,窍
91A7,乔
91A8,缲
91A9,诮
91AA,搞
91AB,切
91AC,且
91AD,怯
91AE,茄
91AF,惬
91B0,伽
91B1,琴
91B2,侵
91B3,勤
91B4,寝
91B5,秦
91B6,钦
91B7,请
91B8,轻
91B9,清
91BA,青
91BB,情
91BC,晴
91BD,倾
91BE,庆
91BF,擎
91C0,亲
91C1,蜻
91C2,罄
91C3,穷
91C4,琼
91C5,求
91C6,球
91C7,秋
91C8,丘
91C9,仇
91CA,酋
91CB,龟
91CC,裘
91CD,糗
91CE,去
91CF,取
91D0,区
91D1,渠
91D2,曲
91D3,趋
91D4,趣
91D5,屈
91D6,驱
91D7,躯
91D8,全
91D9,权
91DA,劝
91DB,圈
91DC,拳
91DD,犬
91DE,泉
91DF,痊
91E0,却
91E1,缺
91E2,确
91E3,雀
91E4,群
91E5,染
91E6,燃
91E7,然
91E8,苒
91E9,让
91EA,壤
91EB,穰
91EC,饶
91ED,绕
91EE,扰
91EF,热
91F0,惹
91F1,喏
91F2,人
91F3,任
91F4,忍
91F5,认
91F6,刃
91F7,仁
91F8,韧
91F9,壬
91FA,荏
91FB,稔
91FC,仍
9240,扔
9241,日
9242,容
9243,绒
9244,融
9245,荣
9246,戎
9247,肉
9248,柔
9249,蹂
924A,如
924B,入
924C,儒
924D,茹
924E,乳
924F,辱
9250,软
9251,瑞
9252,锐
9253,睿
9254,润
9255,若
9256,弱
9257,撒
9258,洒
9259,萨
925A,腮
925B,赛
925C,三
925D,散
925E,伞
925F,叁
9260,桑
9261,丧
9262,嗓
9263,扫
9264,搔
9265,骚
9266,涩
9267,瑟
9268,塞
9269,啬
926A,森
926B,僧
926C,杀
926D,沙
926E,啥
926F,纱
9270,傻
9271,砂
9272,煞
9273,鲨
9274,晒
9275,筛
9276,色
9277,山
9278,闪
9279,衫
927A,善
927B,杉
927C,删
927D,煽
927E,单
9280,掺
9281,苫
9282,膳
9283,擅
9284,缮
9285,禅
9286,上
9287,伤
9288,尚
9289,商
928A,赏
928B,少
928C,烧
928D,哨
928E,稍
928F,邵
9290,绍
9291,社
9292,射
9293,蛇
9294,设
9295,舌
9296,摄
9297,舍
9298,涉
9299,慑
929A,奢
929B,谁
929C,身
929D,伸
929E,深
929F,神
92A0,甚
92A1,渗
92A2,审
92A3,申
92A4,绅
92A5,参
92A6,慎
92A7,声
92A8,剩
92A9,生
92AA,升
92AB,绳
92AC,胜
92AD,盛
92AE,圣
92AF,甥
92B0,牲
92B1,乘
92B2,是
92B3,使
92B4,十
92B5,时
92B6,事
92B7,室
92B8,市
92B9,石
92BA,师
92BB,试
92BC,史
92BD,式
92BE,矢
92BF,拾
92C0,驶
92C1,始
92C2,示
92C3,士
92C4,世
92C5,柿
92C6,匙
92C7,拭
92C8,誓
92C9,逝
92CA,势
92CB,什
92CC,嗜
92CD,失
92CE,适
92CF,仕
92D0,侍
92D1,释
92D2,饰
92D3,氏
92D4,狮
92D5,食
92D6,恃
92D7,视
92D8,实
92D9,施
92DA,湿
92DB,诗
92DC,尸
92DD,手
92DE,受
92DF,收
92E0,首
92E1,守
92E2,瘦
92E3,授
92E4,兽
92E5,售
92E6,寿
92E7,狩
92E8,书
92E9,树
92EA,熟
92EB,输
92EC,叔
92ED,束
92EE,述
92EF,蜀
92F0,鼠
92F1,蔬
92F2,疏
92F3,竖
92F4,恕
92F5,枢
92F6,暑
92F7,殊
92F8,曙
92F9,署
92FA,舒
92FB,刷
92FC,耍
9340,摔
9341,甩
9342,率
9343,帅
9344,衰
9345,拴
9346,闩
9347,双
9348,霜
9349,爽
934A,泷
934B,水
934C,睡
934D,税
934E,顺
934F,瞬
9350,数
9351,烁
9352,四
9353,死
9354,丝
9355,撕
9356,似
9357,私
9358,嘶
9359,思
935A,寺
935B,司
935C,斯
935D,伺
935E,肆
935F,饲
9360,嗣
9361,巳
9362,厮
9363,送
9364,松
9365,耸
9366,宋
9367,颂
9368,怂
9369,悚
936A,嵩
936B,搜
936C,薮
936D,素
936E,速
936F,诉
9370,塑
9371,俗
9372,苏
9373,肃
9374,粟
9375,溯
9376,夙
9377,酸
9378,算
9379,蒜
937A,岁
937B,随
937C,碎
937D,虽
937E,穗
9380,尿
9381,髓
9382,隧
9383,孙
9384,损
9385,笋
9386,隼
9387,所
9388,缩
9389,锁
938A,索
938B,梭
938C,莎
938D,唆
938E,嗦
938F,他
9390,她
9391,它
9392,踏
9393,塔
9394,蹋
9395,沓
9396,太
9397,抬
9398,台
9399,态
939A,胎
939B,苔
939C,泰
939D,汰
939E,谈
939F,叹
93A0,探
93A1,滩
93A2,弹
93A3,碳
93A4,摊
93A5,潭
93A6,贪
93A7,坛
93A8,毯
93A9,坦
93AA,炭
93AB,袒
93AC,昙
93AD,忐
93AE,趟
93AF,堂
93B0,糖
93B1,汤
93B2,唐
93B3,膛
93B4,螳
93B5,套
93B6,掏
93B7,逃
93B8,桃
93B9,讨
93BA,淘
93BB,涛
93BC,陶
93BD,萄
93BE,韬
93BF,叨
93C0,特
93C1,忑
93C2,疼
93C3,腾
93C4,藤
93C5,滕
93C6,提
93C7,替
93C8,体
93C9,题
93CA,踢
93CB,剃
93CC,剔
93CD,梯
93CE,涕
93CF,嚏
93D0,天
93D1,田
93D2,添
93D3,填
93D4,甜
93D5,条
93D6,跳
93D7,挑
93D8,调
93D9,眺
93DA,铁
93DB,贴
93DC,听
93DD,停
93DE,挺
93DF,厅
93E0,艇
93E1,庭
93E2,廷
93E3,汀
93E4,蜓
93E5,同
93E6,通
93E7,痛
93E8,铜
93E9,桶
93EA,筒
93EB,统
93EC,童
93ED,桐
93EE,瞳
93EF,头
93F0,偷
93F1,透
93F2,投
93F3,土
93F4,图
93F5,兔
93F6,涂
93F7,吐
93F8,秃
93F9,突
93FA,徒
93FB,凸
93FC,途
9440,屠
9441,团
9442,腿
9443,推
9444,退
9445,蜕
9446,吞
9447,囤
9448,拖
9449,脱
944A,托
944B,妥
944C,拓
944D,陀
944E,挖
944F,瓦
9450,蛙
9451,哇
9452,洼
9453,袜
9454,外
9455,歪
9456,完
9457,万
9458,晚
9459,玩
945A,弯
945B,挽
945C,湾
945D,丸
945E,腕
945F,宛
9460,婉
9461,顽
9462,豌
9463,蔓
9464,望
9465,忘
9466,王
9467,往
9468,网
9469,亡
946A,旺
946B,汪
946C,妄
946D,为
946E,位
946F,未
9470,围
9471,喂
9472,胃
9473,微
9474,味
9475,威
9476,伟
9477,卫
9478,危
9479,违
947A,委
947B,魏
947C,唯
947D,维
947E,畏
9480,韦
9481,谓
9482,慰
9483,萎
9484,苇
9485,隈
9486,玮
9487,帷
9488,猬
9489,薇
948A,问
948B,文
948C,闻
948D,稳
948E,温
948F,吻
9490,纹
9491,翁
9492,我
9493,握
9494,窝
9495,卧
9496,沃
9497,斡
9498,喔
9499,渥
949A,无
949B,五
949C,屋
949D,物
949E,舞
949F,雾
94A0,误
94A1,污
94A2,悟
94A3,勿
94A4,武
94A5,务
94A6,呜
94A7,伍
94A8,吴
94A9,午
94AA,侮
94AB,乌
94AC,毋
94AD,恶
94AE,芜
94AF,巫
94B0,梧
94B1,兀
94B2,唔
94B3,骛
94B4,鹜
94B5,鹉
94B6,西
94B7,细
94B8,吸
94B9,戏
94BA,系
94BB,喜
94BC,席
94BD,稀
94BE,锡
94BF,膝
94C0,息
94C1,袭
94C2,惜
94C3,习
94C4,嘻
94C5,夕
94C6,悉
94C7,希
94C8,牺
94C9,晰
94CA,烯
94CB,析
94CC,隙
94CD,汐
94CE,犀
94CF,曦
94D0,舄
94D1,下
94D2,吓
94D3,夏
94D4,峡
94D5,虾
94D6,瞎
94D7,霞
94D8,狭
94D9,暇
94DA,遐
94DB,瑕
94DC,先
94DD,线
94DE,县
94DF,现
94E0,显
94E1,掀
94E2,闲
94E3,献
94E4,嫌
94E5,陷
94E6,险
94E7,鲜
94E8,弦
94E9,衔
94EA,馅
94EB,限
94EC,仙
94ED,贤
94EE,纤
94EF,宪
94F0,羡
94F1,娴
94F2,洗
94F3,想
94F4,向
94F5,象
94F6,项
94F7,响
94F8,香
94F9,乡
94FA,相
94FB,像
94FC,箱
9540,巷
9541,享
9542,降
9543,翔
9544,祥
9545,橡
9546,详
9547,湘
9548,飨
9549,小
954A,笑
954B,消
954C,销
954D,萧
954E,效
954F,晓
9550,肖
9551,孝
9552,霄
9553,嚣
9554,校
9555,筱
9556,潇
9557,写
9558,些
9559,鞋
955A,歇
955B,斜
955C,谢
955D,卸
955E,蟹
955F,泻
9560,懈
9561,泄
9562,协
9563,械
9564,谐
9565,蝎
9566,携
9567,胁
9568,解
9569,燮
956A,新
956B,心
956C,欣
956D,信
956E,芯
956F,薪
9570,辛
9571,衅
9572,性
9573,行
9574,型
9575,形
9576,星
9577,醒
9578,姓
9579,杏
957A,兴
957B,幸
957C,惺
957D,省
957E,胸
9580,雄
9581,凶
9582,兄
9583,熊
9584,汹
9585,匈
9586,修
9587,锈
9588,绣
9589,休
958A,羞
958B,宿
958C,嗅
958D,袖
958E,秀
958F,朽
9590,许
9591,须
9592,需
9593,虚
9594,嘘
9595,蓄
9596,续
9597,序
9598,叙
9599,畜
959A,徐
959B,旭
959C,绪
959D,恤
959E,选
959F,悬
95A0,旋
95A1,玄
95A2,宣
95A3,轩
95A4,券
95A5,暄
95A6,炫
95A7,学
95A8,雪
95A9,血
95AA,靴
95AB,穴
95AC,削
95AD,谑
95AE,寻
95AF,讯
95B0,熏
95B1,训
95B2,循
95B3,旬
95B4,巡
95B5,迅
95B6,驯
95B7,逊
95B8,勋
95B9,询
95BA,薰
95BB,呀
95BC,压
95BD,牙
95BE,押
95BF,芽
95C0,鸭
95C1,崖
95C2,亚
95C3,涯
95C4,雅
95C5,鸦
95C6,讶
95C7,娅
95C8,眼
95C9,烟
95CA,沿
95CB,盐
95CC,言
95CD,演
95CE,严
95CF,淹
95D0,炎
95D1,掩
95D2,厌
95D3,宴
95D4,岩
95D5,研
95D6,延
95D7,堰
95D8,验
95D9,彦
95DA,焰
95DB,衍
95DC,燕
95DD,颜
95DE,阎
95DF,焉
95E0,奄
95E1,檐
95E2,俨
95E3,妍
95E4,样
95E5,养
95E6,洋
95E7,仰
95E8,扬
95E9,氧
95EA,痒
95EB,杨
95EC,阳
95ED,央
95EE,佯
95EF,要
95F0,摇
95F1,药
95F2,咬
95F3,腰
95F4,邀
95F5,妖
95F6,遥
95F7,耀
95F8,尧
95F9,侥
95FA,铫
95FB,也
95FC,夜
9640,业
9641,野
9642,叶
9643,爷
9644,页
9645,液
9646,冶
9647,耶
9648,咽
9649,曳
964A,邪
964B,一
964C,以
964D,已
964E,亿
964F,衣
9650,移
9651,依
9652,易
9653,医
9654,乙
9655,仪
9656,亦
9657,椅
9658,益
9659,翼
965A,译
965B,伊
965C,遗
965D,艾
965E,疑
965F,宜
9660,异
9661,壹
9662,蚁
9663,谊
9664,揖
9665,矣
9666,艺
9667,抑
9668,邑
9669,屹
966A,尾
966B,役
966C,逸
966D,意
966E,毅
966F,忆
9670,义
9671,夷
9672,溢
9673,议
9674,驿
9675,熠
9676,咦
9677,刈
9678,奇
9679,因
967A,引
967B,印
967C,银
967D,音
967E,饮
9680,阴
9681,隐
9682,荫
9683,尹
9684,寅
9685,茵
9686,淫
9687,应
9688,硬
9689,影
968A,营
968B,迎
968C,映
968D,蝇
968E,赢
968F,鹰
9690,英
9691,颖
9692,樱
9693,鹦
9694,瑛
9695,哟
9696,唷
9697,用
9698,涌
9699,永
969A,拥
969B,蛹
969C,勇
969D,泳
969E,佣
969F,踊
96A0,庸
96A1,有
96A2,又
96A3,由
96A4,右
96A5,油
96A6,游
96A7,幼
96A8,优
96A9,友
96AA,忧
96AB,尤
96AC,犹
96AD,诱
96AE,悠
96AF,邮
96B0,佑
96B1,鱿
96B2,柚
96B3,侑
96B4,与
96B5,于
96B6,欲
96B7,鱼
96B8,雨
96B9,余
96BA,遇
96BB,语
96BC,愈
96BD,狱
96BE,玉
96BF,渔
96C0,予
96C1,誉
96C2,育
96C3,愚
96C4,羽
96C5,虞
96C6,娱
96C7,舆
96C8,禹
96C9,宇
96CA,迂
96CB,域
96CC,郁
96CD,吁
96CE,喻
96CF,御
96D0,愉
96D1,隅
96D2,浴
96D3,寓
96D4,裕
96D5,预
96D6,豫
96D7,驭
96D8,蔚
96D9,俣
96DA,吾
96DB,远
96DC,元
96DD,院
96DE,圆
96DF,原
96E0,愿
96E1,园
96E2,援
96E3,猿
96E4,怨
96E5,冤
96E6,源
96E7,缘
96E8,袁
96E9,渊
96EA,垣
96EB,媛
96EC,月
96ED,越
96EE,约
96EF,跃
96F0,阅
96F1,乐
96F2,岳
96F3,悦
96F4,说
96F5,钥
96F6,云
96F7,运
96F8,允
96F9,孕
96FA,蕴
96FB,酝
96FC,员
9740,芸
9741,杂
9742,砸
9743,匝
9744,咂
9745,在
9746,再
9747,灾
9748,载
9749,栽
974A,宰
974B,哉
974C,咱
974D,暂
974E,攒
974F,赞
9750,拶
9751,脏
9752,葬
9753,藏
9754,早
9755,造
9756,遭
9757,糟
9758,燥
9759,枣
975A,躁
975B,皂
975C,噪
975D,澡
975E,则
975F,责
9760,泽
9761,啧
9762,贼
9763,怎
9764,增
9765,赠
9766,憎
9767,曾
9768,扎
9769,炸
976A,渣
976B,闸
976C,眨
976D,榨
976E,诈
976F,札
9770,查
9771,栅
9772,咋
9773,喋
9774,摘
9775,窄
9776,债
9777,斋
9778,寨
9779,择
977A,宅
977B,站
977C,占
977D,战
977E,沾
9780,粘
9781,展
9782,栈
9783,詹
9784,湛
9785,绽
9786,斩
9787,崭
9788,瞻
9789,张
978A,章
978B,长
978C,帐
978D,仗
978E,丈
978F,掌
9790,涨
9791,账
9792,彰
9793,障
9794,找
9795,照
9796,招
9797,罩
9798,兆
9799,朝
979A,昭
979B,沼
979C,肇
979D,召
979E,赵
979F,这
97A0,者
97A1,折
97A2,遮
97A3,哲
97A4,辙
97A5,磔
97A6,真
97A7,阵
97A8,镇
97A9,针
97AA,震
97AB,枕
97AC,振
97AD,斟
97AE,珍
97AF,诊
97B0,甄
97B1,臻
97B2,贞
97B3,祯
97B4,榛
97B5,正
97B6,整
97B7,睁
97B8,争
97B9,挣
97BA,征
97BB,证
97BC,症
97BD,郑
97BE,拯
97BF,蒸
97C0,政
97C1,铮
97C2,鲭
97C3,只
97C4,之
97C5,直
97C6,知
97C7,制
97C8,指
97C9,纸
97CA,支
97CB,芝
97CC,枝
97CD,稚
97CE,蜘
97CF,质
97D0,脂
97D1,汁
97D2,织
97D3,职
97D4,植
97D5,抵
97D6,殖
97D7,执
97D8,值
97D9,址
97DA,滞
97DB,止
97DC,趾
97DD,治
97DE,旨
97DF,志
97E0,挚
97E1,掷
97E2,至
97E3,致
97E4,置
97E5,帜
97E6,识
97E7,智
97E8,秩
97E9,蛭
97EA,祗
97EB,踬
97EC,埴
97ED,栉
97EE,中
97EF,重
97F0,种
97F1,钟
97F2,众
97F3,终
97F4,忠
97F5,仲
97F6,衷
97F7,冢
97F8,周
97F9,洲
97FA,皱
97FB,州
97FC,轴
9840,舟
9841,昼
9842,宙
9843,肘
9844,帚
9845,咒
9846,住
9847,主
9848,猪
9849,竹
984A,筑
984B,著
984C,铸
984D,嘱
984E,注
984F,祝
9850,驻
9851,属
9852,术
9853,珠
9854,瞩
9855,蛛
9856,朱
9857,柱
9858,诸
9859,逐
985A,助
985B,潴
985C,洙
985D,竺
985E,抓
985F,爪
9860,拽
9861,转
9862,专
9863,赚
9864,传
9865,装
9866,撞
9867,庄
9868,壮
9869,桩
986A,状
986B,妆
986C,追
986D,坠
986E,缀
986F,赘
9870,椎
9871,准
9872,捉
9873,桌
9874,着
9875,拙
9876,卓
9877,酌
9878,字
9879,自
987A,子
987B,紫
987C,资
987D,姿
987E,仔
9880,兹
9881,咨
9882,滋
9883,梓
9884,姊
9885,总
9886,纵
9887,宗
9888,棕
9889,综
988A,踪
988B,走
988C,奏
988D,邹
988E,诹
988F,组
9890,族
9891,足
9892,阻
9893,租
9894,祖
9895,卒
9896,钻
9897,最
9898,嘴
9899,醉
989A,罪
989B,尊
989C,遵
989D,樽
989E,做
989F,作
98A0,坐
98A1,左
98A2,座
98A3,昨
98A4,琢
98A5,撮
98A6,佐
98A7,畑
98A8,蛯
98A9,萩
98AA,梶
98AB,榎
98AC,纮
98AD,払
98AE,辻
98AF,樋
98B0,籾
98B1,円
98B2,楢
98B3,笹
98B4,梼
98B5,槙
98B6,畠
98B7,桝
98B8,滉
98B9,榊
98BA,樫
98BB,咲
98BC,栃
98BD,瑳
98BE,狛
98BF,纟
98C0,騨
98C1,畷
98C2,橿
98C3,桯
98C4,—
98C5,β
98C6,鰤
98C7,枠
98C8,①
98C9,②
98CA,③
98CB,④
98CC,躹
98CD,呯
98CE,込
98CF,í
98D0,é
98D1,è
98D2,乾
98D3,盈
98D4,俅
98D5,尉
98D6,坞
98D7,膀
98D8,飓
98D9,鼬
98DA,娃
98DB,衙
98DC,惇
98DD,
